Workbook

Sheet Petunjuk
A1: Template Pencatatan Stock Movement
A3: Cara pakai
A4: 1. Isi dulu sheet 'Master Produk' (SKU, nama produk, stok awal sebelum pencatatan dimulai).
A5: 2. Catat setiap pergerakan stok di sheet 'Input Movement', satu baris per kejadian, urut dari yang paling lama ke terbaru.
A6: 3. Isi hanya kolom header biru: Tanggal, Jenis, SKU, Jumlah Perubahan, Catatan, Petugas.
A7: 4. Kolom header abu-abu (ID Movement, Produk, Stok Sebelum, Stok Sesudah, Validasi) terisi otomatis oleh rumus, jangan ditimpa.
A8: 5. Lihat stok terkini per produk di sheet 'Ringkasan Stok'.
A10: Aturan Jumlah Perubahan
A11: • Stok masuk: angka positif (mis. 10).
A12: • Stok keluar: angka negatif (mis. -1).
A13: • Adjustment / stok opname: positif jika menambah, negatif jika mengurangi.
A14: • Kolom Validasi menandai jika tanda +/- tidak sesuai Jenis atau stok menjadi negatif.
... A20: • Sheet 'Contoh Data' berisi 15 baris data aslimu apa adanya (nilai, tanpa rumus) sebagai referensi.

Sheet Master Produk
A1: SKU | B1: Produk | C1: Stok Awal
A2: TB-001 | B2: Teh Botol | C2: 5
A3: CC-001 | B3: Coco Drink | C3: 17

Sheet Input Movement
A1: ID Movement | B1: Tanggal | C1: Jenis | D1: SKU | E1: Produk | F1: Jumlah Perubahan | G1: Stok Sebelum | H1: Stok Sesudah | I1: Catatan | J1: Petugas | K1: Validasi
A2: =IF(D2="","",ROW()-1) -> 1 | B2: 46310.307 | C2: Stok keluar | D2: CC-001 | E2: =IF(D2="","",IFERROR(INDEX('Master Produk'!$B$2:$B$101,MATCH(D2,'Master Produk'!$A$2:$A$101,0)),"SKU tidak ada di master")) -> Coco Drink | F2: -1 | G2: =IF(D2="","",IFERROR(INDEX('Master Produk'!$C$2:$C$101,MATCH(D2,'Master Produk'!$A$2:$A$101,0)),0)+SUMIFS(F$1:F1,D$1:D1,D2)) -> 17 | H2: =IF(D2="","",G2+F2) -> 16 | I2: Penjualan | J2: Admin POS | K2: =IF(D2="","",IF(ISNA(MATCH(D2,'Master Produk'!$A$2:$A$101,0)),"SKU tidak ada di master",IF(AND(C2="Stok masuk",F2<0),"Stok masuk harus +",IF(AND(C2="Stok keluar",F2>0),"Stok keluar harus -",IF(H2<0,"Stok negatif","OK"))))) -> OK
A3: =IF(D3="","",ROW()-1) | E3: =IF(D3="","",IFERROR(INDEX('Master Produk'!$B$2:$B$101,MATCH(D3,'Master Produk'!$A$2:$A$101,0)),"SKU tidak ada di master")) | G3: =IF(D3="","",IFERROR(INDEX('Master Produk'!$C$2:$C$101,MATCH(D3,'Master Produk'!$A$2:$A$101,0)),0)+SUMIFS(F$1:F2,D$1:D2,D3)) | H3: =IF(D3="","",G3+F3) | K3: =IF(D3="","",IF(ISNA(MATCH(D3,'Master Produk'!$A$2:$A$101,0)),"SKU tidak ada di master",IF(AND(C3="Stok masuk",F3<0),"Stok masuk harus +",IF(AND(C3="Stok keluar",F3>0),"Stok keluar harus -",IF(H3<0,"Stok negatif","OK")))))
A4: =IF(D4="","",ROW()-1) | E4: =IF(D4="","",IFERROR(INDEX('Master Produk'!$B$2:$B$101,MATCH(D4,'Master Produk'!$A$2:$A$101,0)),"SKU tidak ada di master")) | G4: =IF(D4="","",IFERROR(INDEX('Master Produk'!$C$2:$C$101,MATCH(D4,'Master Produk'!$A$2:$A$101,0)),0)+SUMIFS(F$1:F3,D$1:D3,D4)) | H4: =IF(D4="","",G4+F4) | K4: =IF(D4="","",IF(ISNA(MATCH(D4,'Master Produk'!$A$2:$A$101,0)),"SKU tidak ada di master",IF(AND(C4="Stok masuk",F4<0),"Stok masuk harus +",IF(AND(C4="Stok keluar",F4>0),"Stok keluar harus -",IF(H4<0,"Stok negatif","OK")))))
A5: =IF(D5="","",ROW()-1) | E5: =IF(D5="","",IFERROR(INDEX('Master Produk'!$B$2:$B$101,MATCH(D5,'Master Produk'!$A$2:$A$101,0)),"SKU tidak ada di master")) | G5: =IF(D5="","",IFERROR(INDEX('Master Produk'!$C$2:$C$101,MATCH(D5,'Master Produk'!$A$2:$A$101,0)),0)+SUMIFS(F$1:F4,D$1:D4,D5)) | H5: =IF(D5="","",G5+F5) | K5: =IF(D5="","",IF(ISNA(MATCH(D5,'Master Produk'!$A$2:$A$101,0)),"SKU tidak ada di master",IF(AND(C5="Stok masuk",F5<0),"Stok masuk harus +",IF(AND(C5="Stok keluar",F5>0),"Stok keluar harus -",IF(H5<0,"Stok negatif","OK")))))
A6: =IF(D6="","",ROW()-1) | E6: =IF(D6="","",IFERROR(INDEX('Master Produk'!$B$2:$B$101,MATCH(D6,'Master Produk'!$A$2:$A$101,0)),"SKU tidak ada di master")) | G6: =IF(D6="","",IFERROR(INDEX('Master Produk'!$C$2:$C$101,MATCH(D6,'Master Produk'!$A$2:$A$101,0)),0)+SUMIFS(F$1:F5,D$1:D5,D6)) | H6: =IF(D6="","",G6+F6) | K6: =IF(D6="","",IF(ISNA(MATCH(D6,'Master Produk'!$A$2:$A$101,0)),"SKU tidak ada di master",IF(AND(C6="Stok masuk",F6<0),"Stok masuk harus +",IF(AND(C6="Stok keluar",F6>0),"Stok keluar harus -",IF(H6<0,"Stok negatif","OK")))))
A7: =IF(D7="","",ROW()-1) | E7: =IF(D7="","",IFERROR(INDEX('Master Produk'!$B$2:$B$101,MATCH(D7,'Master Produk'!$A$2:$A$101,0)),"SKU tidak ada di master")) | G7: =IF(D7="","",IFERROR(INDEX('Master Produk'!$C$2:$C$101,MATCH(D7,'Master Produk'!$A$2:$A$101,0)),0)+SUMIFS(F$1:F6,D$1:D6,D7)) | H7: =IF(D7="","",G7+F7) | K7: =IF(D7="","",IF(ISNA(MATCH(D7,'Master Produk'!$A$2:$A$101,0)),"SKU tidak ada di master",IF(AND(C7="Stok masuk",F7<0),"Stok masuk harus +",IF(AND(C7="Stok keluar",F7>0),"Stok keluar harus -",IF(H7<0,"Stok negatif","OK")))))
A8: =IF(D8="","",ROW()-1) | E8: =IF(D8="","",IFERROR(INDEX('Master Produk'!$B$2:$B$101,MATCH(D8,'Master Produk'!$A$2:$A$101,0)),"SKU tidak ada di master")) | G8: =IF(D8="","",IFERROR(INDEX('Master Produk'!$C$2:$C$101,MATCH(D8,'Master Produk'!$A$2:$A$101,0)),0)+SUMIFS(F$1:F7,D$1:D7,D8)) | H8: =IF(D8="","",G8+F8) | K8: =IF(D8="","",IF(ISNA(MATCH(D8,'Master Produk'!$A$2:$A$101,0)),"SKU tidak ada di master",IF(AND(C8="Stok masuk",F8<0),"Stok masuk harus +",IF(AND(C8="Stok keluar",F8>0),"Stok keluar harus -",IF(H8<0,"Stok negatif","OK")))))
A9: =IF(D9="","",ROW()-1) | E9: =IF(D9="","",IFERROR(INDEX('Master Produk'!$B$2:$B$101,MATCH(D9,'Master Produk'!$A$2:$A$101,0)),"SKU tidak ada di master")) | G9: =IF(D9="","",IFERROR(INDEX('Master Produk'!$C$2:$C$101,MATCH(D9,'Master Produk'!$A$2:$A$101,0)),0)+SUMIFS(F$1:F8,D$1:D8,D9)) | H9: =IF(D9="","",G9+F9) | K9: =IF(D9="","",IF(ISNA(MATCH(D9,'Master Produk'!$A$2:$A$101,0)),"SKU tidak ada di master",IF(AND(C9="Stok masuk",F9<0),"Stok masuk harus +",IF(AND(C9="Stok keluar",F9>0),"Stok keluar harus -",IF(H9<0,"Stok negatif","OK")))))
A10: =IF(D10="","",ROW()-1) | E10: =IF(D10="","",IFERROR(INDEX('Master Produk'!$B$2:$B$101,MATCH(D10,'Master Produk'!$A$2:$A$101,0)),"SKU tidak ada di master")) | G10: =IF(D10="","",IFERROR(INDEX('Master Produk'!$C$2:$C$101,MATCH(D10,'Master Produk'!$A$2:$A$101,0)),0)+SUMIFS(F$1:F9,D$1:D9,D10)) | H10: =IF(D10="","",G10+F10) | K10: =IF(D10="","",IF(ISNA(MATCH(D10,'Master Produk'!$A$2:$A$101,0)),"SKU tidak ada di master",IF(AND(C10="Stok masuk",F10<0),"Stok masuk harus +",IF(AND(C10="Stok keluar",F10>0),"Stok keluar harus -",IF(H10<0,"Stok negatif","OK")))))
A11: =IF(D11="","",ROW()-1) | E11: =IF(D11="","",IFERROR(INDEX('Master Produk'!$B$2:$B$101,MATCH(D11,'Master Produk'!$A$2:$A$101,0)),"SKU tidak ada di master")) | G11: =IF(D11="","",IFERROR(INDEX('Master Produk'!$C$2:$C$101,MATCH(D11,'Master Produk'!$A$2:$A$101,0)),0)+SUMIFS(F$1:F10,D$1:D10,D11)) | H11: =IF(D11="","",G11+F11) | K11: =IF(D11="","",IF(ISNA(MATCH(D11,'Master Produk'!$A$2:$A$101,0)),"SKU tidak ada di master",IF(AND(C11="Stok masuk",F11<0),"Stok masuk harus +",IF(AND(C11="Stok keluar",F11>0),"Stok keluar harus -",IF(H11<0,"Stok negatif","OK")))))
A12: =IF(D12="","",ROW()-1) | E12: =IF(D12="","",IFERROR(INDEX('Master Produk'!$B$2:$B$101,MATCH(D12,'Master Produk'!$A$2:$A$101,0)),"SKU tidak ada di master")) | G12: =IF(D12="","",IFERROR(INDEX('Master Produk'!$C$2:$C$101,MATCH(D12,'Master Produk'!$A$2:$A$101,0)),0)+SUMIFS(F$1:F11,D$1:D11,D12)) | H12: =IF(D12="","",G12+F12) | K12: =IF(D12="","",IF(ISNA(MATCH(D12,'Master Produk'!$A$2:$A$101,0)),"SKU tidak ada di master",IF(AND(C12="Stok masuk",F12<0),"Stok masuk harus +",IF(AND(C12="Stok keluar",F12>0),"Stok keluar harus -",IF(H12<0,"Stok negatif","OK")))))
A13: =IF(D13="","",ROW()-1) | E13: =IF(D13="","",IFERROR(INDEX('Master Produk'!$B$2:$B$101,MATCH(D13,'Master Produk'!$A$2:$A$101,0)),"SKU tidak ada di master")) | G13: =IF(D13="","",IFERROR(INDEX('Master Produk'!$C$2:$C$101,MATCH(D13,'Master Produk'!$A$2:$A$101,0)),0)+SUMIFS(F$1:F12,D$1:D12,D13)) | H13: =IF(D13="","",G13+F13) | K13: =IF(D13="","",IF(ISNA(MATCH(D13,'Master Produk'!$A$2:$A$101,0)),"SKU tidak ada di master",IF(AND(C13="Stok masuk",F13<0),"Stok masuk harus +",IF(AND(C13="Stok keluar",F13>0),"Stok keluar harus -",IF(H13<0,"Stok negatif","OK")))))
A14: =IF(D14="","",ROW()-1) | E14: =IF(D14="","",IFERROR(INDEX('Master Produk'!$B$2:$B$101,MATCH(D14,'Master Produk'!$A$2:$A$101,0)),"SKU tidak ada di master")) | G14: =IF(D14="","",IFERROR(INDEX('Master Produk'!$C$2:$C$101,MATCH(D14,'Master Produk'!$A$2:$A$101,0)),0)+SUMIFS(F$1:F13,D$1:D13,D14)) | H14: =IF(D14="","",G14+F14) | K14: =IF(D14="","",IF(ISNA(MATCH(D14,'Master Produk'!$A$2:$A$101,0)),"SKU tidak ada di master",IF(AND(C14="Stok masuk",F14<0),"Stok masuk harus +",IF(AND(C14="Stok keluar",F14>0),"Stok keluar harus -",IF(H14<0,"Stok negatif","OK")))))
... A1000: =IF(D1000="","",ROW()-1) | E1000: =IF(D1000="","",IFERROR(INDEX('Master Produk'!$B$2:$B$101,MATCH(D1000,'Master Produk'!$A$2:$A$101,0)),"SKU tidak ada di master")) | G1000: =IF(D1000="","",IFERROR(INDEX('Master Produk'!$C$2:$C$101,MATCH(D1000,'Master Produk'!$A$2:$A$101,0)),0)+SUMIFS(F$1:F999,D$1:D999,D1000)) | H1000: =IF(D1000="","",G1000+F1000) | K1000: =IF(D1000="","",IF(ISNA(MATCH(D1000,'Master Produk'!$A$2:$A$101,0)),"SKU tidak ada di master",IF(AND(C1000="Stok masuk",F1000<0),"Stok masuk harus +",IF(AND(C1000="Stok keluar",F1000>0),"Stok keluar harus -",IF(H1000<0,"Stok negatif","OK")))))

Sheet Ringkasan Stok
A1: SKU | B1: Produk | C1: Stok Awal | D1: Total Masuk | E1: Total Keluar | F1: Total Adjustment | G1: Stok Akhir
A2: =IF('Master Produk'!A2="","",'Master Produk'!A2) -> TB-001 | B2: =IF(A2="","",'Master Produk'!B2) -> Teh Botol | C2: =IF(A2="","",'Master Produk'!C2) -> 5 | D2: =IF(A2="","",SUMIFS('Input Movement'!$F$2:$F$1000,'Input Movement'!$D$2:$D$1000,A2,'Input Movement'!$C$2:$C$1000,"Stok masuk")) -> 0 | E2: -1 | F2: =IF(A2="","",SUMIFS('Input Movement'!$F$2:$F$1000,'Input Movement'!$D$2:$D$1000,A2,'Input Movement'!$C$2:$C$1000,"Adjustment")) -> 0 | G2: =IF(A2="","",C2+D2+E2+F2) -> 4
A3: =IF('Master Produk'!A3="","",'Master Produk'!A3) -> CC-001 | B3: =IF(A3="","",'Master Produk'!B3) -> Coco Drink | C3: =IF(A3="","",'Master Produk'!C3) -> 17 | D3: =IF(A3="","",SUMIFS('Input Movement'!$F$2:$F$1000,'Input Movement'!$D$2:$D$1000,A3,'Input Movement'!$C$2:$C$1000,"Stok masuk")) -> 0 | E3: =IF(A3="","",SUMIFS('Input Movement'!$F$2:$F$1000,'Input Movement'!$D$2:$D$1000,A3,'Input Movement'!$C$2:$C$1000,"Stok keluar")) -> -1 | F3: =IF(A3="","",SUMIFS('Input Movement'!$F$2:$F$1000,'Input Movement'!$D$2:$D$1000,A3,'Input Movement'!$C$2:$C$1000,"Adjustment")) -> 0 | G3: =IF(A3="","",C3+D3+E3+F3) -> 16
A4: =IF('Master Produk'!A4="","",'Master Produk'!A4) | B4: =IF(A4="","",'Master Produk'!B4) | C4: =IF(A4="","",'Master Produk'!C4) | D4: =IF(A4="","",SUMIFS('Input Movement'!$F$2:$F$1000,'Input Movement'!$D$2:$D$1000,A4,'Input Movement'!$C$2:$C$1000,"Stok masuk")) | E4: =IF(A4="","",SUMIFS('Input Movement'!$F$2:$F$1000,'Input Movement'!$D$2:$D$1000,A4,'Input Movement'!$C$2:$C$1000,"Stok keluar")) | F4: =IF(A4="","",SUMIFS('Input Movement'!$F$2:$F$1000,'Input Movement'!$D$2:$D$1000,A4,'Input Movement'!$C$2:$C$1000,"Adjustment")) | G4: =IF(A4="","",C4+D4+E4+F4)
A5: =IF('Master Produk'!A5="","",'Master Produk'!A5) | B5: =IF(A5="","",'Master Produk'!B5) | C5: =IF(A5="","",'Master Produk'!C5) | D5: =IF(A5="","",SUMIFS('Input Movement'!$F$2:$F$1000,'Input Movement'!$D$2:$D$1000,A5,'Input Movement'!$C$2:$C$1000,"Stok masuk")) | E5: =IF(A5="","",SUMIFS('Input Movement'!$F$2:$F$1000,'Input Movement'!$D$2:$D$1000,A5,'Input Movement'!$C$2:$C$1000,"Stok keluar")) | F5: =IF(A5="","",SUMIFS('Input Movement'!$F$2:$F$1000,'Input Movement'!$D$2:$D$1000,A5,'Input Movement'!$C$2:$C$1000,"Adjustment")) | G5: =IF(A5="","",C5+D5+E5+F5)
A6: =IF('Master Produk'!A6="","",'Master Produk'!A6) | B6: =IF(A6="","",'Master Produk'!B6) | C6: =IF(A6="","",'Master Produk'!C6) | D6: =IF(A6="","",SUMIFS('Input Movement'!$F$2:$F$1000,'Input Movement'!$D$2:$D$1000,A6,'Input Movement'!$C$2:$C$1000,"Stok masuk")) | E6: =IF(A6="","",SUMIFS('Input Movement'!$F$2:$F$1000,'Input Movement'!$D$2:$D$1000,A6,'Input Movement'!$C$2:$C$1000,"Stok keluar")) | F6: =IF(A6="","",SUMIFS('Input Movement'!$F$2:$F$1000,'Input Movement'!$D$2:$D$1000,A6,'Input Movement'!$C$2:$C$1000,"Adjustment")) | G6: =IF(A6="","",C6+D6+E6+F6)
A7: =IF('Master Produk'!A7="","",'Master Produk'!A7) | B7: =IF(A7="","",'Master Produk'!B7) | C7: =IF(A7="","",'Master Produk'!C7) | D7: =IF(A7="","",SUMIFS('Input Movement'!$F$2:$F$1000,'Input Movement'!$D$2:$D$1000,A7,'Input Movement'!$C$2:$C$1000,"Stok masuk")) | E7: =IF(A7="","",SUMIFS('Input Movement'!$F$2:$F$1000,'Input Movement'!$D$2:$D$1000,A7,'Input Movement'!$C$2:$C$1000,"Stok keluar")) | F7: =IF(A7="","",SUMIFS('Input Movement'!$F$2:$F$1000,'Input Movement'!$D$2:$D$1000,A7,'Input Movement'!$C$2:$C$1000,"Adjustment")) | G7: =IF(A7="","",C7+D7+E7+F7)
A8: =IF('Master Produk'!A8="","",'Master Produk'!A8) | B8: =IF(A8="","",'Master Produk'!B8) | C8: =IF(A8="","",'Master Produk'!C8) | D8: =IF(A8="","",SUMIFS('Input Movement'!$F$2:$F$1000,'Input Movement'!$D$2:$D$1000,A8,'Input Movement'!$C$2:$C$1000,"Stok masuk")) | E8: =IF(A8="","",SUMIFS('Input Movement'!$F$2:$F$1000,'Input Movement'!$D$2:$D$1000,A8,'Input Movement'!$C$2:$C$1000,"Stok keluar")) | F8: =IF(A8="","",SUMIFS('Input Movement'!$F$2:$F$1000,'Input Movement'!$D$2:$D$1000,A8,'Input Movement'!$C$2:$C$1000,"Adjustment")) | G8: =IF(A8="","",C8+D8+E8+F8)
A9: =IF('Master Produk'!A9="","",'Master Produk'!A9) | B9: =IF(A9="","",'Master Produk'!B9) | C9: =IF(A9="","",'Master Produk'!C9) | D9: =IF(A9="","",SUMIFS('Input Movement'!$F$2:$F$1000,'Input Movement'!$D$2:$D$1000,A9,'Input Movement'!$C$2:$C$1000,"Stok masuk")) | E9: =IF(A9="","",SUMIFS('Input Movement'!$F$2:$F$1000,'Input Movement'!$D$2:$D$1000,A9,'Input Movement'!$C$2:$C$1000,"Stok keluar")) | F9: =IF(A9="","",SUMIFS('Input Movement'!$F$2:$F$1000,'Input Movement'!$D$2:$D$1000,A9,'Input Movement'!$C$2:$C$1000,"Adjustment")) | G9: =IF(A9="","",C9+D9+E9+F9)
A10: =IF('Master Produk'!A10="","",'Master Produk'!A10) | B10: =IF(A10="","",'Master Produk'!B10) | C10: =IF(A10="","",'Master Produk'!C10) | D10: =IF(A10="","",SUMIFS('Input Movement'!$F$2:$F$1000,'Input Movement'!$D$2:$D$1000,A10,'Input Movement'!$C$2:$C$1000,"Stok masuk")) | E10: =IF(A10="","",SUMIFS('Input Movement'!$F$2:$F$1000,'Input Movement'!$D$2:$D$1000,A10,'Input Movement'!$C$2:$C$1000,"Stok keluar")) | F10: =IF(A10="","",SUMIFS('Input Movement'!$F$2:$F$1000,'Input Movement'!$D$2:$D$1000,A10,'Input Movement'!$C$2:$C$1000,"Adjustment")) | G10: =IF(A10="","",C10+D10+E10+F10)
A11: =IF('Master Produk'!A11="","",'Master Produk'!A11) | B11: =IF(A11="","",'Master Produk'!B11) | C11: =IF(A11="","",'Master Produk'!C11) | D11: =IF(A11="","",SUMIFS('Input Movement'!$F$2:$F$1000,'Input Movement'!$D$2:$D$1000,A11,'Input Movement'!$C$2:$C$1000,"Stok masuk")) | E11: =IF(A11="","",SUMIFS('Input Movement'!$F$2:$F$1000,'Input Movement'!$D$2:$D$1000,A11,'Input Movement'!$C$2:$C$1000,"Stok keluar")) | F11: =IF(A11="","",SUMIFS('Input Movement'!$F$2:$F$1000,'Input Movement'!$D$2:$D$1000,A11,'Input Movement'!$C$2:$C$1000,"Adjustment")) | G11: =IF(A11="","",C11+D11+E11+F11)
A12: =IF('Master Produk'!A12="","",'Master Produk'!A12) | B12: =IF(A12="","",'Master Produk'!B12) | C12: =IF(A12="","",'Master Produk'!C12) | D12: =IF(A12="","",SUMIFS('Input Movement'!$F$2:$F$1000,'Input Movement'!$D$2:$D$1000,A12,'Input Movement'!$C$2:$C$1000,"Stok masuk")) | E12: =IF(A12="","",SUMIFS('Input Movement'!$F$2:$F$1000,'Input Movement'!$D$2:$D$1000,A12,'Input Movement'!$C$2:$C$1000,"Stok keluar")) | F12: =IF(A12="","",SUMIFS('Input Movement'!$F$2:$F$1000,'Input Movement'!$D$2:$D$1000,A12,'Input Movement'!$C$2:$C$1000,"Adjustment")) | G12: =IF(A12="","",C12+D12+E12+F12)
A13: =IF('Master Produk'!A13="","",'Master Produk'!A13) | B13: =IF(A13="","",'Master Produk'!B13) | C13: =IF(A13="","",'Master Produk'!C13) | D13: =IF(A13="","",SUMIFS('Input Movement'!$F$2:$F$1000,'Input Movement'!$D$2:$D$1000,A13,'Input Movement'!$C$2:$C$1000,"Stok masuk")) | E13: =IF(A13="","",SUMIFS('Input Movement'!$F$2:$F$1000,'Input Movement'!$D$2:$D$1000,A13,'Input Movement'!$C$2:$C$1000,"Stok keluar")) | F13: =IF(A13="","",SUMIFS('Input Movement'!$F$2:$F$1000,'Input Movement'!$D$2:$D$1000,A13,'Input Movement'!$C$2:$C$1000,"Adjustment")) | G13: =IF(A13="","",C13+D13+E13+F13)
A14: =IF('Master Produk'!A14="","",'Master Produk'!A14) | B14: =IF(A14="","",'Master Produk'!B14) | C14: =IF(A14="","",'Master Produk'!C14) | D14: =IF(A14="","",SUMIFS('Input Movement'!$F$2:$F$1000,'Input Movement'!$D$2:$D$1000,A14,'Input Movement'!$C$2:$C$1000,"Stok masuk")) | E14: =IF(A14="","",SUMIFS('Input Movement'!$F$2:$F$1000,'Input Movement'!$D$2:$D$1000,A14,'Input Movement'!$C$2:$C$1000,"Stok keluar")) | F14: =IF(A14="","",SUMIFS('Input Movement'!$F$2:$F$1000,'Input Movement'!$D$2:$D$1000,A14,'Input Movement'!$C$2:$C$1000,"Adjustment")) | G14: =IF(A14="","",C14+D14+E14+F14)
... A101: =IF('Master Produk'!A101="","",'Master Produk'!A101) | B101: =IF(A101="","",'Master Produk'!B101) | C101: =IF(A101="","",'Master Produk'!C101) | D101: =IF(A101="","",SUMIFS('Input Movement'!$F$2:$F$1000,'Input Movement'!$D$2:$D$1000,A101,'Input Movement'!$C$2:$C$1000,"Stok masuk")) | E101: =IF(A101="","",SUMIFS('Input Movement'!$F$2:$F$1000,'Input Movement'!$D$2:$D$1000,A101,'Input Movement'!$C$2:$C$1000,"Stok keluar")) | F101: =IF(A101="","",SUMIFS('Input Movement'!$F$2:$F$1000,'Input Movement'!$D$2:$D$1000,A101,'Input Movement'!$C$2:$C$1000,"Adjustment")) | G101: =IF(A101="","",C101+D101+E101+F101)

Sheet Contoh Data
A1: ID Movement | B1: Tanggal | C1: Jenis | D1: SKU | E1: Produk | F1: Jumlah Perubahan | G1: Stok Sebelum | H1: Stok Sesudah | I1: Catatan | J1: Petugas
A2: 15 | B2: 46310.307 | C2: Stok keluar | D2: TB-001 | E2: Teh Botol | F2: -1 | G2: 5 | H2: 4 | I2: Penjualan | J2: Admin POS
A3: 14 | B3: 46310.307 | C3: Stok keluar | D3: CC-001 | E3: Coco Drink | F3: -1 | G3: 17 | H3: 16 | I3: Penjualan | J3: Admin POS
A4: 13 | B4: 46308.62 | C4: Adjustment | D4: TB-001 | E4: Teh Botol | F4: -17 | G4: 21 | H4: 4 | I4: Stok Opname | J4: Admin POS
A5: 12 | B5: 46307.918 | C5: Adjustment | D5: TB-001 | E5: Teh Botol | F5: 2 | G5: 2 | H5: 4 | I5: Barang masuk | J5: Kasir Test
A6: 11 | B6: 46307.915 | C6: Adjustment | D6: TB-001 | E6: Teh Botol | F6: -5 | G6: 9 | H6: 4 | I6: Penjualan | J6: Kasir Test
A7: 10 | B7: 46307.911 | C7: Adjustment | D7: TB-001 | E7: Teh Botol | F7: -5 | G7: 9 | H7: 4 | I7: Penjualan
A8: 9 | B8: 46307.891 | C8: Adjustment | D8: TB-001 | E8: Teh Botol | F8: 5 | G8: -1 | H8: 4 | I8: Barang masuk
A9: 8 | B9: 46306.027 | C9: Stok keluar | D9: TB-001 | E9: Teh Botol | F9: -2 | G9: 6 | H9: 4 | I9: Penjualan
A10: 7 | B10: 46305.976 | C10: Adjustment | D10: TB-001 | E10: Teh Botol | F10: -3 | G10: 7 | H10: 4 | I10: Penyesuaian berdasarkan stok fisik
A11: 6 | B11: 46302.907 | C11: Adjustment | D11: TB-001 | E11: Teh Botol | F11: 20 | G11: -16 | H11: 4 | I11: Stock opname ulang
A12: 5 | B12: 46302.907 | C12: Adjustment | D12: TB-001 | E12: Teh Botol | F12: -15 | G12: 19 | H12: 4 | I12: Stock opname
A13: 4 | B13: 46302.903 | C13: Stok keluar | D13: TB-001 | E13: Teh Botol | F13: -15 | G13: 19 | H13: 4 | I13: Barang terjual
A14: 3 | B14: 46302.902 | C14: Stok masuk | D14: TB-001 | E14: Teh Botol | F14: 10 | G14: -6 | H14: 4 | I14: Barang masuk dari supplier
A15: 2 | B15: 46302.898 | C15: Stok keluar | D15: TB-001 | E15: Teh Botol | F15: -5 | G15: 9 | H15: 4 | I15: Barang terjual
A16: 1 | B16: 46302.896 | C16: Stok masuk | D16: TB-001 | E16: Teh Botol | F16: 10 | G16: -6 | H16: 4 | I16: Test stock masuk
A18: Data asli dari ekspor aplikasi POS (apa adanya, urutan terbaru di atas). Hanya untuk referensi.
